{
  "tapes": [
    {
      "id": 1,
      "start": {
        "x": 0.4721937969182142,
        "y": 0.6062295081967213
      },
      "end": {
        "x": 0.5771937969182142,
        "y": 0.7462295081967213
      }
    },
    {
      "id": 2,
      "start": {
        "x": 0.6582862504938759,
        "y": 0.598943533697632
      },
      "end": {
        "x": 0.7632862504938759,
        "y": 0.738943533697632
      }
    }
  ],
  "label": 
      {
      "id": 1,
      "start": {
        "x": 0.8419303797468354,
        "y": 0.549954421148587
      },
      "end": {
        "x": 0.9919303797468354,
        "y": 0.749954421148587
      }
    }
}