{
  "tapes": [
    {
      "id": 1,
      "center": {
        "x": 0.5246937969182142,
        "y": 0.6762295081967213
      },
      "relative_half_size": 0.07
    },
    {
      "id": 2,
      "center": {
        "x": 0.7107862504938759,
        "y": 0.668943533697632
      },
      "relative_half_size": 0.07
    }
  ],
  "label": {
    "id": 1,
    "center": {
      "x": 0.9169303797468354,
      "y": 0.649954421148587
    },
    "relative_half_size": 0.1
  }
}
