{
  "tapes": [
    {
      "id": 1,
      "start": {
        "x": 0.4546937969182142,
        "y": 0.6062295081967213
      },
      "end": {
        "x": 0.5946937969182142,
        "y": 0.7462295081967213
      }
    },
    {
      "id": 2,
      "start": {
        "x": 0.6407862504938759,
        "y": 0.598943533697632
      },
      "end": {
        "x": 0.7807862504938759,
        "y": 0.738943533697632
      }
    }
  ],
  "label": {
    "id": 1,
    "start": {
      "x": 0.8169303797468354,
      "y": 0.549954421148587
    },
    "end": {
      "x": 1.0169303797468354,
      "y": 0.749954421148587
    }
  }
}